DATE_TIME,AMBIENT_TEMPERATURE,IRRADIATION,DC_POWER,HOUR,MINUTE,HOUR_SIN,HOUR_COS,IS_NIGHT,DAWN_DUSK,DC_PER_IRR,IRR_15MIN_AGO,TEMP_30MIN_AGO,DAY_OF_WEEK,IS_WEEKEND
14-Oct-2023 00:00:00,28.4,0,0,0,0,0,1,1,0,0,NaN,NaN,7,1
14-Oct-2023 00:15:00,28.2,0,0,0,15,0,1,1,0,0,0,NaN,7,1
14-Oct-2023 00:30:00,28.2,0,0,0,30,0,1,1,0,0,0,28.4,7,1
14-Oct-2023 00:45:00,28.1,0,0,0,45,0,1,1,0,0,0,28.2,7,1
14-Oct-2023 01:00:00,28.1,0,0,1,0,0.258819045102521,0.965925826289068,1,0,0,0,28.2,7,1
14-Oct-2023 01:15:00,28,0,0,1,15,0.258819045102521,0.965925826289068,1,0,0,0,28.1,7,1
14-Oct-2023 01:30:00,28,0,0,1,30,0.258819045102521,0.965925826289068,1,0,0,0,28.1,7,1
14-Oct-2023 01:45:00,28,0,0,1,45,0.258819045102521,0.965925826289068,1,0,0,0,28,7,1
14-Oct-2023 02:00:00,28,0,0,2,0,0.5,0.866025403784439,1,0,0,0,28,7,1
14-Oct-2023 02:15:00,27.9,0,0,2,15,0.5,0.866025403784439,1,0,0,0,28,7,1
14-Oct-2023 02:30:00,27.9,0,0,2,30,0.5,0.866025403784439,1,0,0,0,28,7,1
14-Oct-2023 02:45:00,27.8,0,0,2,45,0.5,0.866025403784439,1,0,0,0,27.9,7,1
14-Oct-2023 03:00:00,27.8,0,0,3,0,0.707106781186547,0.707106781186548,1,0,0,0,27.9,7,1
14-Oct-2023 03:15:00,27.7,0,0,3,15,0.707106781186547,0.707106781186548,1,0,0,0,27.8,7,1
14-Oct-2023 03:30:00,27.6,0,0,3,30,0.707106781186547,0.707106781186548,1,0,0,0,27.8,7,1
14-Oct-2023 03:45:00,27.6,0,0,3,45,0.707106781186547,0.707106781186548,1,0,0,0,27.7,7,1
14-Oct-2023 04:00:00,27.5,0,0,4,0,0.866025403784439,0.5,1,0,0,0,27.6,7,1
14-Oct-2023 04:15:00,27.5,0,0,4,15,0.866025403784439,0.5,1,0,0,0,27.6,7,1
14-Oct-2023 04:30:00,27.5,0,0,4,30,0.866025403784439,0.5,1,0,0,0,27.5,7,1
14-Oct-2023 04:45:00,27.4,0,0,4,45,0.866025403784439,0.5,1,0,0,0,27.5,7,1
14-Oct-2023 05:00:00,27.3,0,0,5,0,0.965925826289068,0.258819045102521,1,1,0,0,27.5,7,1
14-Oct-2023 05:15:00,27.1,0,0,5,15,0.965925826289068,0.258819045102521,1,1,0,0,27.4,7,1
14-Oct-2023 05:30:00,27.1,0,0,5,30,0.965925826289068,0.258819045102521,1,1,0,0,27.3,7,1
14-Oct-2023 05:45:00,27,0,0,5,45,0.965925826289068,0.258819045102521,1,1,0,0,27.1,7,1
14-Oct-2023 06:00:00,26.9,0,0,6,0,1,6.12323399573677e-17,0,1,0,0,27.1,7,1
14-Oct-2023 06:15:00,26.9,0,0,6,15,1,6.12323399573677e-17,0,1,0,0,27,7,1
14-Oct-2023 06:30:00,26.9,0,0,6,30,1,6.12323399573677e-17,0,1,0,0,26.9,7,1
14-Oct-2023 06:45:00,26.9,16.4,0.395203756730587,6,45,1,6.12323399573677e-17,0,1,0.024096320756697,0,26.9,7,1
14-Oct-2023 07:00:00,26.9,46.3,1.11572767906257,7,0,0.965925826289068,-0.258819045102521,0,0,0.0240972695851617,16.4,26.9,7,1
14-Oct-2023 07:15:00,27,76.5,1.8437867381808,7,15,0.965925826289068,-0.258819045102521,0,0,0.0241014723752735,46.3,26.9,7,1
14-Oct-2023 07:30:00,27.1,113.4,2.73359549622464,7,30,0.965925826289068,-0.258819045102521,0,0,0.0241055678188432,76.5,26.9,7,1
14-Oct-2023 07:45:00,27.4,155.3,3.74548389749879,7,45,0.965925826289068,-0.258819045102521,0,0,0.0241175774624683,113.4,27,7,1
14-Oct-2023 08:00:00,27.8,203.3,4.90636237899433,8,0,0.866025403784439,-0.5,0,0,0.024133488664563,155.3,27.1,7,1
14-Oct-2023 08:15:00,28.1,254,6.13294859903839,8,15,0.866025403784439,-0.5,0,0,0.0241453718648288,203.3,27.4,7,1
14-Oct-2023 08:30:00,28.5,312.8,7.55762892261624,8,30,0.866025403784439,-0.5,0,0,0.0241611405418021,254,27.8,7,1
14-Oct-2023 08:45:00,29,374.3,9.05087602596384,8,45,0.866025403784439,-0.5,0,0,0.0241807423062291,312.8,28.1,7,1
14-Oct-2023 09:00:00,29.4,437.6,10.5883440499612,9,0,0.707106781186548,-0.707106781186547,0,0,0.0241963433583588,374.3,28.5,7,1
14-Oct-2023 09:15:00,29.9,495.4,11.996501812771,9,15,0.707106781186548,-0.707106781186547,0,0,0.0242157400020811,437.6,29,7,1
14-Oct-2023 09:30:00,30.3,547.8,13.2738631437324,9,30,0.707106781186548,-0.707106781186547,0,0,0.0242311772773916,495.4,29.4,7,1
14-Oct-2023 09:45:00,30.7,596.9,14.4727856439543,9,45,0.707106781186548,-0.707106781186547,0,0,0.0242465428001533,547.8,29.9,7,1
14-Oct-2023 10:00:00,31.1,640.8,15.5470092520283,10,0,0.5,-0.866025403784439,0,0,0.0242618367512353,596.9,30.3,7,1
14-Oct-2023 10:15:00,31.6,683.6,16.5984158271838,10,15,0.5,-0.866025403784439,0,0,0.0242808536371126,640.8,30.7,7,1
14-Oct-2023 10:30:00,32,722.2,17.546586534617,10,30,0.5,-0.866025403784439,0,0,0.0242959875915667,683.6,31.1,7,1
14-Oct-2023 10:45:00,32.3,755.7,18.3690446579085,10,45,0.5,-0.866025403784439,0,0,0.0243072917171057,722.2,31.6,7,1
14-Oct-2023 11:00:00,32.7,783.1,19.046818348304,11,0,0.258819045102521,-0.965925826289068,0,0,0.0243223011441742,755.7,32,7,1
14-Oct-2023 11:15:00,33,807.3,19.644468485017,11,15,0.258819045102521,-0.965925826289068,0,0,0.0243335118933545,783.1,32.3,7,1
14-Oct-2023 11:30:00,33.2,825.5,20.093489851295,11,30,0.258819045102521,-0.965925826289068,0,0,0.0243409636709041,807.3,32.7,7,1
14-Oct-2023 11:45:00,33.5,838.7,20.4241370429933,11,45,0.258819045102521,-0.965925826289068,0,0,0.0243521076557597,825.5,33,7,1
14-Oct-2023 12:00:00,33.7,842.8,20.5302233584624,12,0,1.22464679914735e-16,-1,0,0,0.0243595147116133,838.7,33.2,7,1
14-Oct-2023 12:15:00,33.8,837.8,20.4115228461548,12,15,1.22464679914735e-16,-1,0,0,0.0243632113666071,842.8,33.5,7,1
14-Oct-2023 12:30:00,34,821,20.0082797185068,12,30,1.22464679914735e-16,-1,0,0,0.0243705911667669,837.8,33.7,7,1
14-Oct-2023 12:45:00,33.9,797.2,19.4253188748982,12,45,1.22464679914735e-16,-1,0,0,0.0243669022930205,821,33.8,7,1
14-Oct-2023 13:00:00,33.8,768.5,18.7231502832059,13,0,-0.258819045102521,-0.965925826289068,0,0,0.0243632087443035,797.2,34,7,1
14-Oct-2023 13:15:00,33.7,739.9,18.0236263205106,13,15,-0.258819045102521,-0.965925826289068,0,0,0.0243595106919853,768.5,33.9,7,1
14-Oct-2023 13:30:00,33.5,707.4,17.2267014954256,13,30,-0.258819045102521,-0.965925826289068,0,0,0.0243521022665018,739.9,33.8,7,1
14-Oct-2023 13:45:00,33.2,672,16.3571474016599,13,45,-0.258819045102521,-0.965925826289068,0,0,0.0243409569355699,707.4,33.7,7,1
14-Oct-2023 14:00:00,32.8,638.7,15.5370629743719,14,0,-0.5,-0.866025403784439,0,0,0.0243260351469183,672,33.5,7,1
14-Oct-2023 14:15:00,32.5,610.4,14.841776433078,14,15,-0.5,-0.866025403784439,0,0,0.0243147970482978,638.7,33.2,7,1
14-Oct-2023 14:30:00,32.2,585.1,14.2200133962948,14,30,-0.5,-0.866025403784439,0,0,0.0243035192151351,610.4,32.8,7,1
14-Oct-2023 14:45:00,32.1,559.7,13.6005942556004,14,45,-0.5,-0.866025403784439,0,0,0.0242997497871193,585.1,32.5,7,1
14-Oct-2023 15:00:00,32,534.4,12.9837937470221,15,0,-0.707106781186547,-0.707106781186548,0,0,0.0242959757691735,559.7,32.2,7,1
14-Oct-2023 15:15:00,32,508,12.3423787864656,15,15,-0.707106781186547,-0.707106781186548,0,0,0.0242959734064807,534.4,32.1,7,1
14-Oct-2023 15:30:00,31.9,483.5,11.7453003819522,15,30,-0.707106781186547,-0.707106781186548,0,0,0.02429219460136,508,32,7,1
14-Oct-2023 15:45:00,31.6,455.1,11.0502326549903,15,45,-0.707106781186547,-0.707106781186548,0,0,0.0242808358034596,483.5,32,7,1
14-Oct-2023 16:00:00,31.4,418.8,10.1656566154635,16,0,-0.866025403784438,-0.5,0,0,0.0242732386395055,455.1,31.9,7,1
14-Oct-2023 16:15:00,31.1,372.2,9.03026973096902,16,15,-0.866025403784438,-0.5,0,0,0.0242618094281558,418.8,31.6,7,1
14-Oct-2023 16:30:00,31,321.8,7.80624320753664,16,30,-0.866025403784438,-0.5,0,0,0.0242579830626277,372.2,31.4,7,1
14-Oct-2023 16:45:00,31.1,267.8,6.4973300213689,16,45,-0.866025403784438,-0.5,0,0,0.0242617840163737,321.8,31.1,7,1
14-Oct-2023 17:00:00,31.2,210.5,5.10792697907302,17,0,-0.965925826289068,-0.258819045102521,0,1,0.0242655710855199,267.8,31,7,1
14-Oct-2023 17:15:00,31.4,152.1,3.69196841263611,17,15,-0.965925826289068,-0.258819045102521,0,1,0.0242731370118284,210.5,31.1,7,1
14-Oct-2023 17:30:00,31.5,95.7,2.32331799985461,17,30,-0.965925826289068,-0.258819045102521,0,1,0.0242768414107962,152.1,31.2,7,1
14-Oct-2023 17:45:00,31.2,49.1,1.19144520034435,17,45,-0.965925826289068,-0.258819045102521,0,1,0.024265192161959,95.7,31.4,7,1
14-Oct-2023 18:00:00,31,17.9,0.43421924616192,18,0,-1,-1.83697019872103e-16,0,1,0.0242567033217094,49.1,31.5,7,1
14-Oct-2023 18:15:00,30.6,0,0,18,15,-1,-1.83697019872103e-16,0,1,0,17.9,31.2,7,1
14-Oct-2023 18:30:00,30.4,0,0,18,30,-1,-1.83697019872103e-16,0,1,0,0,31,7,1
14-Oct-2023 18:45:00,30.2,0,0,18,45,-1,-1.83697019872103e-16,0,1,0,0,30.6,7,1
14-Oct-2023 19:00:00,30,0,0,19,0,-0.965925826289068,0.25881904510252,1,1,0,0,30.4,7,1
14-Oct-2023 19:15:00,29.9,0,0,19,15,-0.965925826289068,0.25881904510252,1,1,0,0,30.2,7,1
14-Oct-2023 19:30:00,29.8,0,0,19,30,-0.965925826289068,0.25881904510252,1,1,0,0,30,7,1
14-Oct-2023 19:45:00,29.6,0,0,19,45,-0.965925826289068,0.25881904510252,1,1,0,0,29.9,7,1
14-Oct-2023 20:00:00,29.5,0,0,20,0,-0.866025403784439,0.5,1,0,0,0,29.8,7,1
14-Oct-2023 20:15:00,29.5,0,0,20,15,-0.866025403784439,0.5,1,0,0,0,29.6,7,1
14-Oct-2023 20:30:00,29.4,0,0,20,30,-0.866025403784439,0.5,1,0,0,0,29.5,7,1
14-Oct-2023 20:45:00,29.2,0,0,20,45,-0.866025403784439,0.5,1,0,0,0,29.5,7,1
14-Oct-2023 21:00:00,29.1,0,0,21,0,-0.707106781186548,0.707106781186547,1,0,0,0,29.4,7,1
14-Oct-2023 21:15:00,29,0,0,21,15,-0.707106781186548,0.707106781186547,1,0,0,0,29.2,7,1
14-Oct-2023 21:30:00,28.9,0,0,21,30,-0.707106781186548,0.707106781186547,1,0,0,0,29.1,7,1
14-Oct-2023 21:45:00,28.8,0,0,21,45,-0.707106781186548,0.707106781186547,1,0,0,0,29,7,1
14-Oct-2023 22:00:00,28.6,0,0,22,0,-0.5,0.866025403784438,1,0,0,0,28.9,7,1
14-Oct-2023 22:15:00,28.5,0,0,22,15,-0.5,0.866025403784438,1,0,0,0,28.8,7,1
14-Oct-2023 22:30:00,28.5,0,0,22,30,-0.5,0.866025403784438,1,0,0,0,28.6,7,1
14-Oct-2023 22:45:00,28.5,0,0,22,45,-0.5,0.866025403784438,1,0,0,0,28.5,7,1
14-Oct-2023 23:00:00,28.8,0,0,23,0,-0.258819045102522,0.965925826289068,1,0,0,0,28.5,7,1
14-Oct-2023 23:15:00,28.9,0,0,23,15,-0.258819045102522,0.965925826289068,1,0,0,0,28.5,7,1
14-Oct-2023 23:30:00,29,0,0,23,30,-0.258819045102522,0.965925826289068,1,0,0,0,28.8,7,1
14-Oct-2023 23:45:00,29,0,0,23,45,-0.258819045102522,0.965925826289068,1,0,0,0,28.9,7,1
15-Oct-2023 00:00:00,28.8,0,0,0,0,0,1,1,0,0,0,29,1,1
15-Oct-2023 00:15:00,28.7,0,0,0,15,0,1,1,0,0,0,29,1,1
15-Oct-2023 00:30:00,28.6,0,0,0,30,0,1,1,0,0,0,28.8,1,1
15-Oct-2023 00:45:00,28.5,0,0,0,45,0,1,1,0,0,0,28.7,1,1
15-Oct-2023 01:00:00,28.5,0,0,1,0,0.258819045102521,0.965925826289068,1,0,0,0,28.6,1,1
15-Oct-2023 01:15:00,28.4,0,0,1,15,0.258819045102521,0.965925826289068,1,0,0,0,28.5,1,1
15-Oct-2023 01:30:00,28.4,0,0,1,30,0.258819045102521,0.965925826289068,1,0,0,0,28.5,1,1
15-Oct-2023 01:45:00,28.2,0,0,1,45,0.258819045102521,0.965925826289068,1,0,0,0,28.4,1,1
15-Oct-2023 02:00:00,28.2,0,0,2,0,0.5,0.866025403784439,1,0,0,0,28.4,1,1
15-Oct-2023 02:15:00,28.1,0,0,2,15,0.5,0.866025403784439,1,0,0,0,28.2,1,1
15-Oct-2023 02:30:00,28.1,0,0,2,30,0.5,0.866025403784439,1,0,0,0,28.2,1,1
15-Oct-2023 02:45:00,28,0,0,2,45,0.5,0.866025403784439,1,0,0,0,28.1,1,1
15-Oct-2023 03:00:00,28,0,0,3,0,0.707106781186547,0.707106781186548,1,0,0,0,28.1,1,1
15-Oct-2023 03:15:00,27.9,0,0,3,15,0.707106781186547,0.707106781186548,1,0,0,0,28,1,1
15-Oct-2023 03:30:00,27.9,0,0,3,30,0.707106781186547,0.707106781186548,1,0,0,0,28,1,1
15-Oct-2023 03:45:00,27.8,0,0,3,45,0.707106781186547,0.707106781186548,1,0,0,0,27.9,1,1
15-Oct-2023 04:00:00,27.7,0,0,4,0,0.866025403784439,0.5,1,0,0,0,27.9,1,1
15-Oct-2023 04:15:00,27.6,0,0,4,15,0.866025403784439,0.5,1,0,0,0,27.8,1,1
15-Oct-2023 04:30:00,27.6,0,0,4,30,0.866025403784439,0.5,1,0,0,0,27.7,1,1
15-Oct-2023 04:45:00,27.5,0,0,4,45,0.866025403784439,0.5,1,0,0,0,27.6,1,1
15-Oct-2023 05:00:00,27.5,0,0,5,0,0.965925826289068,0.258819045102521,1,1,0,0,27.6,1,1
15-Oct-2023 05:15:00,27.4,0,0,5,15,0.965925826289068,0.258819045102521,1,1,0,0,27.5,1,1
15-Oct-2023 05:30:00,27.4,0,0,5,30,0.965925826289068,0.258819045102521,1,1,0,0,27.5,1,1
15-Oct-2023 05:45:00,27.2,0,0,5,45,0.965925826289068,0.258819045102521,1,1,0,0,27.4,1,1
15-Oct-2023 06:00:00,27.2,0,0,6,0,1,6.12323399573677e-17,0,1,0,0,27.4,1,1
15-Oct-2023 06:15:00,27.1,0,0,6,15,1,6.12323399573677e-17,0,1,0,0,27.2,1,1
15-Oct-2023 06:30:00,27.1,0,0,6,30,1,6.12323399573677e-17,0,1,0,0,27.2,1,1
15-Oct-2023 06:45:00,27.1,20.1,0.484526185838759,6,45,1,6.12323399573677e-17,0,1,0.0241045811570946,0,27.1,1,1
15-Oct-2023 07:00:00,27.1,49.5,1.19323612930441,7,0,0.965925826289068,-0.258819045102521,0,0,0.0241052934143635,20.1,27.1,1,1
15-Oct-2023 07:15:00,27.2,84.1,2.0276315672579,7,15,0.965925826289068,-0.258819045102521,0,0,0.0241094822565475,49.5,27.1,1,1
15-Oct-2023 07:30:00,27.4,125.1,3.01712836817192,7,30,0.965925826289068,-0.258819045102521,0,0,0.0241175399730771,84.1,27.1,1,1
15-Oct-2023 07:45:00,27.6,174.4,4.20751840120082,7,45,0.965925826289068,-0.258819045102521,0,0,0.0241255405714464,125.1,27.2,1,1
15-Oct-2023 08:00:00,28,228.5,5.5163368998342,8,0,0.866025403784439,-0.5,0,0,0.0241414125095041,174.4,27.4,1,1
15-Oct-2023 08:15:00,28.4,280.9,6.78578183363899,8,15,0.866025403784439,-0.5,0,0,0.0241572006993175,228.5,27.6,1,1
15-Oct-2023 08:30:00,28.8,333.1,8.05202114300976,8,30,0.866025403784439,-0.5,0,0,0.0241729119486575,280.9,28,1,1
15-Oct-2023 08:45:00,29.1,382.8,9.2579075523651,8,45,0.866025403784439,-0.5,0,0,0.0241846482960209,333.1,28.4,1,1
15-Oct-2023 09:00:00,29.5,432.4,10.4642034665015,9,0,0.707106781186548,-0.707106781186547,0,0,0.0242002295704716,382.8,28.8,1,1
15-Oct-2023 09:15:00,30,485,11.74653202995,9,15,0.707106781186548,-0.707106781186547,0,0,0.0242196037326727,432.4,29.1,1,1
15-Oct-2023 09:30:00,30.4,536.4,12.9996908068497,9,30,0.707106781186548,-0.707106781186547,0,0,0.0242350234374091,485,29.5,1,1
15-Oct-2023 09:45:00,30.9,587.6,14.2517901646016,9,45,0.707106781186548,-0.707106781186547,0,0,0.024254196579995,536.4,30,1,1
15-Oct-2023 10:00:00,31.3,637.7,15.4766561260441,10,0,0.5,-0.866025403784439,0,0,0.0242694556320974,587.6,30.4,1,1
15-Oct-2023 10:15:00,31.8,684.6,16.6278824779722,10,15,0.5,-0.866025403784439,0,0,0.0242884285561548,637.7,30.9,1,1
15-Oct-2023 10:30:00,32.2,729.4,17.7270172128823,10,30,0.5,-0.866025403784439,0,0,0.0243035274326225,684.6,31.3,1,1
15-Oct-2023 10:45:00,32.5,769.9,18.7199929158368,10,45,0.5,-0.866025403784439,0,0,0.0243148053007293,729.4,31.8,1,1
15-Oct-2023 11:00:00,32.8,805.4,19.5922193824316,11,0,0.258819045102521,-0.965925826289068,0,0,0.024326043030033,769.9,32.2,1,1
15-Oct-2023 11:15:00,33,831.6,20.2357735564723,11,15,0.258819045102521,-0.965925826289068,0,0,0.0243335127741216,805.4,32.5,1,1
15-Oct-2023 11:30:00,33.3,849.7,20.6857018615577,11,30,0.258819045102521,-0.965925826289068,0,0,0.0243446834375359,831.6,32.8,1,1
15-Oct-2023 11:45:00,33.7,860.8,20.9686951435269,11,45,0.258819045102521,-0.965925826289068,0,0,0.0243595153159986,849.7,33,1,1
15-Oct-2023 12:00:00,34,864.8,21.0757129117718,12,0,1.22464679914735e-16,-1,0,0,0.0243705926701887,860.8,33.3,1,1
15-Oct-2023 12:15:00,34.2,865.9,21.1088959780705,12,15,1.22464679914735e-16,-1,0,0,0.024377955422237,864.8,33.7,1,1
15-Oct-2023 12:30:00,34.5,862.9,21.0452633658717,12,30,1.22464679914735e-16,-1,0,0,0.0243889662497456,865.9,34,1,1
15-Oct-2023 12:45:00,34.5,855,20.8525903092135,12,45,1.22464679914735e-16,-1,0,0,0.0243889659885936,862.9,34.2,1,1
15-Oct-2023 13:00:00,34.5,836.1,20.3916383129046,13,0,-0.258819045102521,-0.965925826289068,0,0,0.0243889653437857,855,34.5,1,1
15-Oct-2023 13:15:00,34.4,806.4,19.6643289998518,13,15,-0.258819045102521,-0.965925826289068,0,0,0.0243852983811427,836.1,34.5,1,1
15-Oct-2023 13:30:00,34.2,760.8,18.54676990428,13,30,-0.258819045102521,-0.965925826289068,0,0,0.024377951533029,806.4,34.5,1,1
15-Oct-2023 13:45:00,33.8,709.5,17.285719096857,13,45,-0.258819045102521,-0.965925826289068,0,0,0.0243632061080351,760.8,34.4,1,1
15-Oct-2023 14:00:00,33.2,659.4,16.0504508878788,14,0,-0.5,-0.866025403784439,0,0,0.0243409562434373,709.5,34.2,1,1
15-Oct-2023 14:15:00,32.7,618.2,15.0360657680009,14,15,-0.5,-0.866025403784439,0,0,0.0243222928594437,659.4,33.8,1,1
15-Oct-2023 14:30:00,32.3,580.1,14.100678584164,14,30,-0.5,-0.866025403784439,0,0,0.0243072819804896,618.2,33.2,1,1
15-Oct-2023 14:45:00,32.1,546,13.2676870887223,14,45,-0.5,-0.866025403784439,0,0,0.0242997486977538,580.1,32.7,1,1
15-Oct-2023 15:00:00,32,513.9,12.4857253117415,15,0,-0.707106781186547,-0.707106781186548,0,0,0.0242959739555702,546,32.3,1,1
15-Oct-2023 15:15:00,32,486.6,11.8224439320751,15,15,-0.707106781186547,-0.707106781186548,0,0,0.0242959713031316,513.9,32.1,1,1
15-Oct-2023 15:30:00,32,465.1,11.3000794755613,15,30,-0.707106781186547,-0.707106781186548,0,0,0.0242959689950383,486.6,32,1,1
15-Oct-2023 15:45:00,31.8,443.4,10.7695049528672,15,45,-0.707106781186547,-0.707106781186548,0,0,0.0242884092567837,465.1,32,1,1
15-Oct-2023 16:00:00,31.6,413,10.0280072215139,16,0,-0.866025403784438,-0.5,0,0,0.0242808303648512,443.4,32,1,1
15-Oct-2023 16:15:00,31.5,370.1,8.98495289180973,16,15,-0.866025403784438,-0.5,0,0,0.0242770294914354,413,31.8,1,1
15-Oct-2023 16:30:00,31.4,321.6,7.80629218608661,16,30,-0.866025403784438,-0.5,0,0,0.0242732211220942,370.1,31.6,1,1
15-Oct-2023 16:45:00,31.3,268.6,6.51878600510499,16,45,-0.866025403784438,-0.5,0,0,0.0242694033347046,321.6,31.5,1,1
15-Oct-2023 17:00:00,31.3,213.1,5.17182910531599,17,0,-0.965925826289068,-0.258819045102521,0,1,0.02426937980261,268.6,31.4,1,1
15-Oct-2023 17:15:00,31.3,156.3,3.79332186373012,17,15,-0.965925826289068,-0.258819045102521,0,1,0.0242693384158138,213.1,31.3,1,1
15-Oct-2023 17:30:00,31.2,99.7,2.41928893023078,17,30,-0.965925826289068,-0.258819045102521,0,1,0.0242654429768085,156.3,31.3,1,1
15-Oct-2023 17:45:00,31,52.7,1.27839968004096,17,45,-0.965925826289068,-0.258819045102521,0,1,0.02425759814882,99.7,31.3,1,1
15-Oct-2023 18:00:00,30.6,20,0.48485499146496,18,0,-1,-1.83697019872103e-16,0,1,0.0242415374963732,52.7,31.2,1,1
15-Oct-2023 18:15:00,30.3,0,0,18,15,-1,-1.83697019872103e-16,0,1,0,20,31,1,1
15-Oct-2023 18:30:00,30,0,0,18,30,-1,-1.83697019872103e-16,0,1,0,0,30.6,1,1
15-Oct-2023 18:45:00,29.9,0,0,18,45,-1,-1.83697019872103e-16,0,1,0,0,30.3,1,1
15-Oct-2023 19:00:00,29.8,0,0,19,0,-0.965925826289068,0.25881904510252,1,1,0,0,30,1,1
15-Oct-2023 19:15:00,29.7,0,0,19,15,-0.965925826289068,0.25881904510252,1,1,0,0,29.9,1,1
15-Oct-2023 19:30:00,29.6,0,0,19,30,-0.965925826289068,0.25881904510252,1,1,0,0,29.8,1,1
15-Oct-2023 19:45:00,29.5,0,0,19,45,-0.965925826289068,0.25881904510252,1,1,0,0,29.7,1,1
15-Oct-2023 20:00:00,29.5,0,0,20,0,-0.866025403784439,0.5,1,0,0,0,29.6,1,1
15-Oct-2023 20:15:00,29.4,0,0,20,15,-0.866025403784439,0.5,1,0,0,0,29.5,1,1
15-Oct-2023 20:30:00,29.4,0,0,20,30,-0.866025403784439,0.5,1,0,0,0,29.5,1,1
15-Oct-2023 20:45:00,29.2,0,0,20,45,-0.866025403784439,0.5,1,0,0,0,29.4,1,1
15-Oct-2023 21:00:00,29.1,0,0,21,0,-0.707106781186548,0.707106781186547,1,0,0,0,29.4,1,1
15-Oct-2023 21:15:00,29,0,0,21,15,-0.707106781186548,0.707106781186547,1,0,0,0,29.2,1,1
15-Oct-2023 21:30:00,29,0,0,21,30,-0.707106781186548,0.707106781186547,1,0,0,0,29.1,1,1
15-Oct-2023 21:45:00,28.9,0,0,21,45,-0.707106781186548,0.707106781186547,1,0,0,0,29,1,1
15-Oct-2023 22:00:00,28.8,0,0,22,0,-0.5,0.866025403784438,1,0,0,0,29,1,1
15-Oct-2023 22:15:00,28.8,0,0,22,15,-0.5,0.866025403784438,1,0,0,0,28.9,1,1
15-Oct-2023 22:30:00,28.7,0,0,22,30,-0.5,0.866025403784438,1,0,0,0,28.8,1,1
15-Oct-2023 22:45:00,28.6,0,0,22,45,-0.5,0.866025403784438,1,0,0,0,28.8,1,1
15-Oct-2023 23:00:00,28.5,0,0,23,0,-0.258819045102522,0.965925826289068,1,0,0,0,28.7,1,1
15-Oct-2023 23:15:00,28.5,0,0,23,15,-0.258819045102522,0.965925826289068,1,0,0,0,28.6,1,1
15-Oct-2023 23:30:00,28.5,0,0,23,30,-0.258819045102522,0.965925826289068,1,0,0,0,28.5,1,1
15-Oct-2023 23:45:00,28.4,0,0,23,45,-0.258819045102522,0.965925826289068,1,0,0,0,28.5,1,1
16-Oct-2023 00:00:00,28.4,0,0,0,0,0,1,1,0,0,0,28.5,2,0
16-Oct-2023 00:15:00,28.3,0,0,0,15,0,1,1,0,0,0,28.4,2,0
16-Oct-2023 00:30:00,28.2,0,0,0,30,0,1,1,0,0,0,28.4,2,0
16-Oct-2023 00:45:00,28.1,0,0,0,45,0,1,1,0,0,0,28.3,2,0
16-Oct-2023 01:00:00,28,0,0,1,0,0.258819045102521,0.965925826289068,1,0,0,0,28.2,2,0
16-Oct-2023 01:15:00,28,0,0,1,15,0.258819045102521,0.965925826289068,1,0,0,0,28.1,2,0
16-Oct-2023 01:30:00,28,0,0,1,30,0.258819045102521,0.965925826289068,1,0,0,0,28,2,0
16-Oct-2023 01:45:00,27.9,0,0,1,45,0.258819045102521,0.965925826289068,1,0,0,0,28,2,0
16-Oct-2023 02:00:00,27.9,0,0,2,0,0.5,0.866025403784439,1,0,0,0,28,2,0
16-Oct-2023 02:15:00,27.8,0,0,2,15,0.5,0.866025403784439,1,0,0,0,27.9,2,0
16-Oct-2023 02:30:00,27.8,0,0,2,30,0.5,0.866025403784439,1,0,0,0,27.9,2,0
16-Oct-2023 02:45:00,27.8,0,0,2,45,0.5,0.866025403784439,1,0,0,0,27.8,2,0
16-Oct-2023 03:00:00,27.8,0,0,3,0,0.707106781186547,0.707106781186548,1,0,0,0,27.8,2,0
16-Oct-2023 03:15:00,27.8,0,0,3,15,0.707106781186547,0.707106781186548,1,0,0,0,27.8,2,0
16-Oct-2023 03:30:00,27.8,0,0,3,30,0.707106781186547,0.707106781186548,1,0,0,0,27.8,2,0
16-Oct-2023 03:45:00,27.7,0,0,3,45,0.707106781186547,0.707106781186548,1,0,0,0,27.8,2,0
16-Oct-2023 04:00:00,27.6,0,0,4,0,0.866025403784439,0.5,1,0,0,0,27.8,2,0
16-Oct-2023 04:15:00,27.6,0,0,4,15,0.866025403784439,0.5,1,0,0,0,27.7,2,0
16-Oct-2023 04:30:00,27.6,0,0,4,30,0.866025403784439,0.5,1,0,0,0,27.6,2,0
16-Oct-2023 04:45:00,27.6,0,0,4,45,0.866025403784439,0.5,1,0,0,0,27.6,2,0
16-Oct-2023 05:00:00,27.7,0,0,5,0,0.965925826289068,0.258819045102521,1,1,0,0,27.6,2,0
16-Oct-2023 05:15:00,27.8,0,0,5,15,0.965925826289068,0.258819045102521,1,1,0,0,27.6,2,0
16-Oct-2023 05:30:00,27.8,0,0,5,30,0.965925826289068,0.258819045102521,1,1,0,0,27.7,2,0
16-Oct-2023 05:45:00,27.8,0,0,5,45,0.965925826289068,0.258819045102521,1,1,0,0,27.8,2,0
16-Oct-2023 06:00:00,27.6,0,0,6,0,1,6.12323399573677e-17,0,1,0,0,27.8,2,0
16-Oct-2023 06:15:00,27.6,0,0,6,15,1,6.12323399573677e-17,0,1,0,0,27.8,2,0
16-Oct-2023 06:30:00,27.6,0,0,6,30,1,6.12323399573677e-17,0,1,0,0,27.6,2,0
16-Oct-2023 06:45:00,27.6,13.7,0.330521801011762,6,45,1,6.12323399573677e-17,0,1,0.0241239180360384,0,27.6,2,0
16-Oct-2023 07:00:00,27.6,39.5,0.952964316785736,7,0,0.965925826289068,-0.258819045102521,0,0,0.0241250681447491,13.7,27.6,2,0
16-Oct-2023 07:15:00,27.7,65.6,1.58290473493192,7,15,0.965925826289068,-0.258819045102521,0,0,0.0241292775252195,39.5,27.6,2,0
16-Oct-2023 07:30:00,27.9,96.2,2.32203375080549,7,30,0.965925826289068,-0.258819045102521,0,0,0.0241373140695573,65.6,27.6,2,0
16-Oct-2023 07:45:00,28,129.8,3.13356905732376,7,45,0.965925826289068,-0.258819045102521,0,0,0.0241413321725084,96.2,27.7,2,0
16-Oct-2023 08:00:00,28.3,167.3,4.0408556547649,8,0,0.866025403784439,-0.5,0,0,0.0241532068234195,129.8,27.9,2,0
16-Oct-2023 08:15:00,28.6,208.9,5.04809867521394,8,15,0.866025403784439,-0.5,0,0,0.0241650287706327,167.3,28,2,0
16-Oct-2023 08:30:00,29,254.4,6.15159727759872,8,30,0.866025403784439,-0.5,0,0,0.024180711858832,208.9,28.3,2,0
16-Oct-2023 08:45:00,29.2,304.8,7.37268882176137,8,45,0.866025403784439,-0.5,0,0,0.0241885322612504,254.4,28.6,2,0
16-Oct-2023 09:00:00,29.6,359.2,8.69413714699657,9,0,0.707106781186548,-0.707106781186547,0,0,0.0242041006205344,304.8,29,2,0
16-Oct-2023 09:15:00,30,415.3,10.058422169151,9,15,0.707106781186548,-0.707106781186547,0,0,0.0242195953516871,359.2,29.2,2,0
16-Oct-2023 09:30:00,30.4,476.4,11.5455866897524,9,30,0.707106781186548,-0.707106781186547,0,0,0.024235017747134,415.3,29.6,2,0
16-Oct-2023 09:45:00,30.8,539.2,13.0758226080471,9,45,0.707106781186548,-0.707106781186547,0,0,0.0242503678740341,476.4,30,2,0
16-Oct-2023 10:00:00,31.2,595.6,14.4526427968451,10,0,0.5,-0.866025403784439,0,0,0.0242656456198782,539.2,30.4,2,0
16-Oct-2023 10:15:00,31.7,635.5,15.4329133807376,10,15,0.5,-0.866025403784439,0,0,0.0242846405918128,595.6,30.8,2,0
16-Oct-2023 10:30:00,32.2,656.9,15.9650090583251,10,30,0.5,-0.866025403784439,0,0,0.024303523755216,635.5,31.2,2,0
16-Oct-2023 10:45:00,32.5,667.2,16.222859168004,10,45,0.5,-0.866025403784439,0,0,0.0243148004394538,656.9,31.7,2,0
16-Oct-2023 11:00:00,32.9,675.5,16.4347865498841,11,0,0.258819045102521,-0.965925826289068,0,0,0.0243297738269582,667.2,32.2,2,0
16-Oct-2023 11:15:00,33.3,693,16.8708854772972,11,15,0.258819045102521,-0.965925826289068,0,0,0.024344676959048,675.5,32.5,2,0
16-Oct-2023 11:30:00,33.7,717.5,17.4779725435415,11,30,0.258819045102521,-0.965925826289068,0,0,0.0243595096641559,693,32.9,2,0
16-Oct-2023 11:45:00,34,744,18.1317419129952,11,45,0.258819045102521,-0.965925826289068,0,0,0.0243705880946332,717.5,33.3,2,0
16-Oct-2023 12:00:00,34.2,763.4,18.6101526615764,12,0,1.22464679914735e-16,-1,0,0,0.0243779516421598,744,33.7,2,0
16-Oct-2023 12:15:00,34.5,770.6,18.7941591722572,12,15,1.22464679914735e-16,-1,0,0,0.0243889628643841,763.4,34,2,0
16-Oct-2023 12:30:00,34.8,768.9,18.7611336060251,12,30,1.22464679914735e-16,-1,0,0,0.0243999339395124,770.6,34.2,2,0
16-Oct-2023 12:45:00,34.8,759.2,18.5244539389963,12,45,1.22464679914735e-16,-1,0,0,0.0243999335340658,768.9,34.5,2,0
16-Oct-2023 13:00:00,34.9,745.5,18.1928941523619,13,0,-0.258819045102521,-0.965925826289068,0,0,0.0244035811519527,759.2,34.8,2,0
16-Oct-2023 13:15:00,34.9,729.9,17.812197775733,13,15,-0.258819045102521,-0.965925826289068,0,0,0.0244035804523257,745.5,34.8,2,0
16-Oct-2023 13:30:00,34.8,709.3,17.30689565191,13,30,-0.258819045102521,-0.965925826289068,0,0,0.0243999312730561,729.9,34.9,2,0
16-Oct-2023 13:45:00,34.6,685.8,16.7284834756706,13,45,-0.258819045102521,-0.965925826289068,0,0,0.0243926204185626,709.3,34.9,2,0
16-Oct-2023 14:00:00,34.2,662.3,16.1455385220881,14,0,-0.5,-0.866025403784439,0,0,0.0243779467675394,685.8,34.8,2,0
16-Oct-2023 14:15:00,33.8,636.8,15.5145115163898,14,15,-0.5,-0.866025403784439,0,0,0.0243632021877946,662.3,34.6,2,0
16-Oct-2023 14:30:00,33.6,613.4,14.93987370542,14,30,-0.5,-0.866025403784439,0,0,0.0243558026566961,636.8,34.2,2,0
16-Oct-2023 14:45:00,33.5,587.9,14.3166211608153,14,45,-0.5,-0.866025403784439,0,0,0.0243520952691274,613.4,33.8,2,0
16-Oct-2023 15:00:00,33.5,558.5,13.6006683420911,15,0,-0.707106781186547,-0.707106781186548,0,0,0.0243520930886266,587.9,33.6,2,0
16-Oct-2023 15:15:00,33.5,525.3,12.7921774039399,15,15,-0.707106781186547,-0.707106781186548,0,0,0.0243520903328566,558.5,33.5,2,0
16-Oct-2023 15:30:00,33.5,491,11.9568991154283,15,30,-0.707106781186547,-0.707106781186548,0,0,0.0243520870943813,525.3,33.5,2,0
16-Oct-2023 15:45:00,33.2,453.9,11.0483767940676,15,45,-0.707106781186547,-0.707106781186548,0,0,0.0243409395310158,491,33.5,2,0
16-Oct-2023 16:00:00,33,411,10.0010857764672,16,0,-0.866025403784438,-0.5,0,0,0.0243334828296457,453.9,33.5,2,0
16-Oct-2023 16:15:00,32.8,364.3,8.86198847904128,16,15,-0.866025403784438,-0.5,0,0,0.024326006459058,411,33.2,2,0
16-Oct-2023 16:30:00,32.7,315.8,7.68099250976172,16,30,-0.866025403784438,-0.5,0,0,0.0243222551852645,364.3,33,2,0
16-Oct-2023 16:45:00,32.4,265.6,6.45702353653294,16,45,-0.866025403784438,-0.5,0,0,0.0243109910600222,315.8,32.8,2,0
16-Oct-2023 17:00:00,32.2,211,5.12805131878003,17,0,-0.965925826289068,-0.258819045102521,0,1,0.0243034455703055,265.6,32.7,2,0
16-Oct-2023 17:15:00,32,154.3,3.74887607628276,17,15,-0.965925826289068,-0.258819045102521,0,1,0.0242958637745884,211,32.4,2,0
16-Oct-2023 17:30:00,31.8,97.8,2.37541178256745,17,30,-0.965925826289068,-0.258819045102521,0,1,0.0242882156886683,154.3,32.2,2,0
16-Oct-2023 17:45:00,31.5,50.9,1.23570413994357,17,45,-0.965925826289068,-0.258819045102521,0,1,0.0242766181399888,97.8,32,2,0
16-Oct-2023 18:00:00,31.4,17.7,0.429637349793946,18,0,-1,-1.83697019872103e-16,0,1,0.0242719253033131,50.9,31.8,2,0
16-Oct-2023 18:15:00,31.1,0,0,18,15,-1,-1.83697019872103e-16,0,1,0,17.7,31.5,2,0
16-Oct-2023 18:30:00,31,0,0,18,30,-1,-1.83697019872103e-16,0,1,0,0,31.4,2,0
16-Oct-2023 18:45:00,30.9,0,0,18,45,-1,-1.83697019872103e-16,0,1,0,0,31.1,2,0
16-Oct-2023 19:00:00,30.7,0,0,19,0,-0.965925826289068,0.25881904510252,1,1,0,0,31,2,0
16-Oct-2023 19:15:00,30.6,0,0,19,15,-0.965925826289068,0.25881904510252,1,1,0,0,30.9,2,0
16-Oct-2023 19:30:00,30.5,0,0,19,30,-0.965925826289068,0.25881904510252,1,1,0,0,30.7,2,0
16-Oct-2023 19:45:00,30.4,0,0,19,45,-0.965925826289068,0.25881904510252,1,1,0,0,30.6,2,0
16-Oct-2023 20:00:00,30.2,0,0,20,0,-0.866025403784439,0.5,1,0,0,0,30.5,2,0
16-Oct-2023 20:15:00,30.1,0,0,20,15,-0.866025403784439,0.5,1,0,0,0,30.4,2,0
16-Oct-2023 20:30:00,30,0,0,20,30,-0.866025403784439,0.5,1,0,0,0,30.2,2,0
16-Oct-2023 20:45:00,30,0,0,20,45,-0.866025403784439,0.5,1,0,0,0,30.1,2,0
16-Oct-2023 21:00:00,29.9,0,0,21,0,-0.707106781186548,0.707106781186547,1,0,0,0,30,2,0
16-Oct-2023 21:15:00,29.8,0,0,21,15,-0.707106781186548,0.707106781186547,1,0,0,0,30,2,0
16-Oct-2023 21:30:00,29.8,0,0,21,30,-0.707106781186548,0.707106781186547,1,0,0,0,29.9,2,0
16-Oct-2023 21:45:00,29.6,0,0,21,45,-0.707106781186548,0.707106781186547,1,0,0,0,29.8,2,0
16-Oct-2023 22:00:00,29.5,0,0,22,0,-0.5,0.866025403784438,1,0,0,0,29.8,2,0
16-Oct-2023 22:15:00,29.4,0,0,22,15,-0.5,0.866025403784438,1,0,0,0,29.6,2,0
16-Oct-2023 22:30:00,29.3,0,0,22,30,-0.5,0.866025403784438,1,0,0,0,29.5,2,0
16-Oct-2023 22:45:00,29.2,0,0,22,45,-0.5,0.866025403784438,1,0,0,0,29.4,2,0
16-Oct-2023 23:00:00,29.1,0,0,23,0,-0.258819045102522,0.965925826289068,1,0,0,0,29.3,2,0
16-Oct-2023 23:15:00,29,0,0,23,15,-0.258819045102522,0.965925826289068,1,0,0,0,29.2,2,0
16-Oct-2023 23:30:00,29,0,0,23,30,-0.258819045102522,0.965925826289068,1,0,0,0,29.1,2,0
16-Oct-2023 23:45:00,28.9,0,0,23,45,-0.258819045102522,0.965925826289068,1,0,0,0,29,2,0
17-Oct-2023 00:00:00,28.8,0,0,0,0,0,1,1,0,0,0,29,3,0
17-Oct-2023 00:15:00,28.8,0,0,0,15,0,1,1,0,0,0,28.9,3,0
17-Oct-2023 00:30:00,28.7,0,0,0,30,0,1,1,0,0,0,28.8,3,0
17-Oct-2023 00:45:00,28.6,0,0,0,45,0,1,1,0,0,0,28.8,3,0
17-Oct-2023 01:00:00,28.5,0,0,1,0,0.258819045102521,0.965925826289068,1,0,0,0,28.7,3,0
17-Oct-2023 01:15:00,28.5,0,0,1,15,0.258819045102521,0.965925826289068,1,0,0,0,28.6,3,0
17-Oct-2023 01:30:00,28.5,0,0,1,30,0.258819045102521,0.965925826289068,1,0,0,0,28.5,3,0
17-Oct-2023 01:45:00,28.4,0,0,1,45,0.258819045102521,0.965925826289068,1,0,0,0,28.5,3,0
17-Oct-2023 02:00:00,28.4,0,0,2,0,0.5,0.866025403784439,1,0,0,0,28.5,3,0
17-Oct-2023 02:15:00,28.3,0,0,2,15,0.5,0.866025403784439,1,0,0,0,28.4,3,0
17-Oct-2023 02:30:00,28.3,0,0,2,30,0.5,0.866025403784439,1,0,0,0,28.4,3,0
17-Oct-2023 02:45:00,28.2,0,0,2,45,0.5,0.866025403784439,1,0,0,0,28.3,3,0
17-Oct-2023 03:00:00,28.2,0,0,3,0,0.707106781186547,0.707106781186548,1,0,0,0,28.3,3,0
17-Oct-2023 03:15:00,28.1,0,0,3,15,0.707106781186547,0.707106781186548,1,0,0,0,28.2,3,0
17-Oct-2023 03:30:00,28.1,0,0,3,30,0.707106781186547,0.707106781186548,1,0,0,0,28.2,3,0
17-Oct-2023 03:45:00,28,0,0,3,45,0.707106781186547,0.707106781186548,1,0,0,0,28.1,3,0
17-Oct-2023 04:00:00,27.9,0,0,4,0,0.866025403784439,0.5,1,0,0,0,28.1,3,0
17-Oct-2023 04:15:00,27.9,0,0,4,15,0.866025403784439,0.5,1,0,0,0,28,3,0
17-Oct-2023 04:30:00,27.9,0,0,4,30,0.866025403784439,0.5,1,0,0,0,27.9,3,0
17-Oct-2023 04:45:00,27.9,0,0,4,45,0.866025403784439,0.5,1,0,0,0,27.9,3,0
17-Oct-2023 05:00:00,28,0,0,5,0,0.965925826289068,0.258819045102521,1,1,0,0,27.9,3,0
17-Oct-2023 05:15:00,28,0,0,5,15,0.965925826289068,0.258819045102521,1,1,0,0,27.9,3,0
17-Oct-2023 05:30:00,28.1,0,0,5,30,0.965925826289068,0.258819045102521,1,1,0,0,28,3,0
17-Oct-2023 05:45:00,28,0,0,5,45,0.965925826289068,0.258819045102521,1,1,0,0,28,3,0
17-Oct-2023 06:00:00,28,0,0,6,0,1,6.12323399573677e-17,0,1,0,0,28.1,3,0
17-Oct-2023 06:15:00,27.9,0,0,6,15,1,6.12323399573677e-17,0,1,0,0,28,3,0
17-Oct-2023 06:30:00,27.9,0,0,6,30,1,6.12323399573677e-17,0,1,0,0,28,3,0
17-Oct-2023 06:45:00,27.9,14.1,0.340339666178351,6,45,1,6.12323399573677e-17,0,1,0.0241358532145487,0,27.9,3,0
17-Oct-2023 07:00:00,27.8,42.7,1.03050503484042,7,0,0.965925826289068,-0.258819045102521,0,0,0.0241330421966798,14.1,27.9,3,0
17-Oct-2023 07:15:00,27.9,74.5,1.79824859080051,7,15,0.965925826289068,-0.258819045102521,0,0,0.0241372409873761,42.7,27.9,3,0
17-Oct-2023 07:30:00,28,110.2,2.66039530136424,7,30,0.965925826289068,-0.258819045102521,0,0,0.0241412990931502,74.5,27.8,3,0
17-Oct-2023 07:45:00,28.1,151.1,3.64838005242008,7,45,0.965925826289068,-0.258819045102521,0,0,0.0241453071284775,110.2,27.9,3,0
17-Oct-2023 08:00:00,28.4,198,4.78314276632438,8,0,0.866025403784439,-0.5,0,0,0.0241571646927257,151.1,28,3,0
17-Oct-2023 08:15:00,28.7,247.7,5.98667781987889,8,15,0.866025403784439,-0.5,0,0,0.0241689691195388,198,28.1,3,0
17-Oct-2023 08:30:00,29,301.2,7.28325904093056,8,30,0.866025403784439,-0.5,0,0,0.0241807266275031,247.7,28.4,3,0
17-Oct-2023 08:45:00,29.4,358.7,8.67924819634614,8,45,0.866025403784439,-0.5,0,0,0.0241963311960272,301.2,28.7,3,0
17-Oct-2023 09:00:00,29.8,415.7,10.0648950095926,9,0,0.707106781186548,-0.707106781186547,0,0,0.0242118614330794,358.7,29,3,0
17-Oct-2023 09:15:00,30.2,467.4,11.3238727304618,9,15,0.707106781186548,-0.707106781186547,0,0,0.024227318149644,415.7,29.4,3,0
17-Oct-2023 09:30:00,30.6,513.7,12.4535004557775,9,30,0.707106781186548,-0.707106781186547,0,0,0.0242427023809132,467.4,29.8,3,0
17-Oct-2023 09:45:00,31,555.7,13.4802030777754,9,45,0.707106781186548,-0.707106781186547,0,0,0.0242580147917232,513.7,30.2,3,0
17-Oct-2023 10:00:00,31.5,593.6,14.4108836438213,10,0,0.5,-0.866025403784439,0,0,0.0242770541892977,555.7,30.6,3,0
17-Oct-2023 10:15:00,32,631.4,15.3405078066425,10,15,0.5,-0.866025403784439,0,0,0.0242959827536581,593.6,31,3,0
17-Oct-2023 10:30:00,32.4,666.1,16.1936121147763,10,30,0.5,-0.866025403784439,0,0,0.0243110460947759,631.4,31.5,3,0
17-Oct-2023 10:45:00,32.8,696.7,16.9479752219272,10,45,0.5,-0.866025403784439,0,0,0.0243260383176243,666.1,32,3,0
17-Oct-2023 11:00:00,33.2,726.2,17.6764292307819,11,0,0.258819045102521,-0.965925826289068,0,0,0.0243409596389731,696.7,32.4,3,0
17-Oct-2023 11:15:00,33.7,752.7,18.3354284787787,11,15,0.258819045102521,-0.965925826289068,0,0,0.0243595112518499,726.2,32.8,3,0
17-Oct-2023 11:30:00,34,779.1,18.9871507048583,11,30,0.258819045102521,-0.965925826289068,0,0,0.0243705895703616,752.7,33.2,3,0
17-Oct-2023 11:45:00,34.2,802.4,19.5608940210229,11,45,0.258819045102521,-0.965925826289068,0,0,0.0243779531942544,779.1,33.7,3,0
17-Oct-2023 12:00:00,34.5,819.6,19.9892199034285,12,0,1.22464679914735e-16,-1,0,0,0.0243889647565444,802.4,34,3,0
17-Oct-2023 12:15:00,34.7,828.7,20.2172246160922,12,15,1.22464679914735e-16,-1,0,0,0.0243962836005896,819.6,34.2,3,0
17-Oct-2023 12:30:00,34.8,833.9,20.3471313747747,12,30,1.22464679914735e-16,-1,0,0,0.0243999364130451,828.7,34.5,3,0
17-Oct-2023 12:45:00,34.9,831,20.2794031396549,12,45,1.22464679914735e-16,-1,0,0,0.0244035845199403,833.9,34.7,3,0
17-Oct-2023 13:00:00,35,819.1,19.991984765688,13,0,-0.258819045102521,-0.965925826289068,0,0,0.0244072278823832,831,34.8,3,0
17-Oct-2023 13:15:00,35,794.4,19.389125500992,13,15,-0.258819045102521,-0.965925826289068,0,0,0.0244072269558976,819.1,34.9,3,0
17-Oct-2023 13:30:00,35,756.8,18.471412612224,13,30,-0.258819045102521,-0.965925826289068,0,0,0.0244072254294379,794.4,35,3,0
17-Oct-2023 13:45:00,34.8,711.4,17.3581355798234,13,45,-0.258819045102521,-0.965925826289068,0,0,0.0243999313746023,756.8,35,3,0
17-Oct-2023 14:00:00,34.3,665.2,16.2186791065694,14,0,-0.5,-0.866025403784439,0,0,0.0243816216550628,711.4,35,3,0
17-Oct-2023 14:15:00,34,624,15.2072674108992,14,15,-0.5,-0.866025403784439,0,0,0.0243705817953805,665.2,34.8,3,0
17-Oct-2023 14:30:00,33.7,583.9,14.2235375166187,14,30,-0.5,-0.866025403784439,0,0,0.0243595018960726,624,34.3,3,0
17-Oct-2023 14:45:00,33.5,544.9,13.2694792830894,14,45,-0.5,-0.866025403784439,0,0,0.0243520920003622,583.9,34,3,0
17-Oct-2023 15:00:00,33.4,508.8,12.3884794539823,15,0,-0.707106781186547,-0.707106781186548,0,0,0.02434837874529,544.9,33.7,3,0
17-Oct-2023 15:15:00,33.3,479.6,11.6757239176216,15,15,-0.707106781186547,-0.707106781186548,0,0,0.0243446613281073,508.8,33.5,3,0
17-Oct-2023 15:30:00,33.2,458.1,11.150608965328,15,30,-0.707106781186547,-0.707106781186548,0,0,0.0243409400226762,479.6,33.4,3,0
17-Oct-2023 15:45:00,33,436.5,10.6215910983648,15,45,-0.707106781186547,-0.707106781186548,0,0,0.0243334862883815,458.1,33.3,3,0
17-Oct-2023 16:00:00,32.9,406.1,9.88033577780597,16,0,-0.866025403784438,-0.5,0,0,0.0243297499336519,436.5,33.2,3,0
17-Oct-2023 16:15:00,32.7,361.3,8.78765862500604,16,15,-0.866025403784438,-0.5,0,0,0.0243222648844206,406.1,33,3,0
17-Oct-2023 16:30:00,32.5,311,7.5619142704575,16,30,-0.866025403784438,-0.5,0,0,0.0243147586999961,361.3,32.9,3,0
17-Oct-2023 16:45:00,32.1,257.1,6.2474768324368,16,45,-0.866025403784438,-0.5,0,0,0.0242996986882073,311,32.7,3,0
17-Oct-2023 17:00:00,31.8,201.7,4.89898319574494,17,0,-0.965925826289068,-0.258819045102521,0,1,0.0242883436162683,257.1,32.5,3,0
17-Oct-2023 17:15:00,31.4,146.1,3.54632863304494,17,15,-0.965925826289068,-0.258819045102521,0,1,0.0242731304580047,201.7,32.1,3,0
17-Oct-2023 17:30:00,31.1,92.4,2.24179721424379,17,30,-0.965925826289068,-0.258819045102521,0,1,0.0242616120414691,146.1,31.8,3,0
17-Oct-2023 17:45:00,30.8,48.2,1.16886989930985,17,45,-0.965925826289068,-0.258819045102521,0,1,0.0242499097385915,92.4,31.4,3,0
17-Oct-2023 18:00:00,30.5,16.6,0.40236592767462,18,0,-1,-1.83697019872103e-16,0,1,0.0242374512182772,48.2,31.1,3,0
17-Oct-2023 18:15:00,30.2,0,0,18,15,-1,-1.83697019872103e-16,0,1,0,16.6,30.8,3,0
17-Oct-2023 18:30:00,30,0,0,18,30,-1,-1.83697019872103e-16,0,1,0,0,30.5,3,0
17-Oct-2023 18:45:00,29.8,0,0,18,45,-1,-1.83697019872103e-16,0,1,0,0,30.2,3,0
17-Oct-2023 19:00:00,29.6,0,0,19,0,-0.965925826289068,0.25881904510252,1,1,0,0,30,3,0
17-Oct-2023 19:15:00,29.5,0,0,19,15,-0.965925826289068,0.25881904510252,1,1,0,0,29.8,3,0
17-Oct-2023 19:30:00,29.5,0,0,19,30,-0.965925826289068,0.25881904510252,1,1,0,0,29.6,3,0
17-Oct-2023 19:45:00,29.4,0,0,19,45,-0.965925826289068,0.25881904510252,1,1,0,0,29.5,3,0
17-Oct-2023 20:00:00,29.2,0,0,20,0,-0.866025403784439,0.5,1,0,0,0,29.5,3,0
17-Oct-2023 20:15:00,29.2,0,0,20,15,-0.866025403784439,0.5,1,0,0,0,29.4,3,0
17-Oct-2023 20:30:00,29.1,0,0,20,30,-0.866025403784439,0.5,1,0,0,0,29.2,3,0
17-Oct-2023 20:45:00,29.1,0,0,20,45,-0.866025403784439,0.5,1,0,0,0,29.2,3,0
17-Oct-2023 21:00:00,29,0,0,21,0,-0.707106781186548,0.707106781186547,1,0,0,0,29.1,3,0
17-Oct-2023 21:15:00,29,0,0,21,15,-0.707106781186548,0.707106781186547,1,0,0,0,29.1,3,0
17-Oct-2023 21:30:00,29,0,0,21,30,-0.707106781186548,0.707106781186547,1,0,0,0,29,3,0
17-Oct-2023 21:45:00,28.9,0,0,21,45,-0.707106781186548,0.707106781186547,1,0,0,0,29,3,0
17-Oct-2023 22:00:00,28.7,0,0,22,0,-0.5,0.866025403784438,1,0,0,0,29,3,0
17-Oct-2023 22:15:00,28.6,0,0,22,15,-0.5,0.866025403784438,1,0,0,0,28.9,3,0
17-Oct-2023 22:30:00,28.5,0,0,22,30,-0.5,0.866025403784438,1,0,0,0,28.7,3,0
17-Oct-2023 22:45:00,28.5,0,0,22,45,-0.5,0.866025403784438,1,0,0,0,28.6,3,0
17-Oct-2023 23:00:00,28.6,0,0,23,0,-0.258819045102522,0.965925826289068,1,0,0,0,28.5,3,0
17-Oct-2023 23:15:00,28.6,0,0,23,15,-0.258819045102522,0.965925826289068,1,0,0,0,28.5,3,0
17-Oct-2023 23:30:00,28.7,0,0,23,30,-0.258819045102522,0.965925826289068,1,0,0,0,28.6,3,0
17-Oct-2023 23:45:00,28.6,0,0,23,45,-0.258819045102522,0.965925826289068,1,0,0,0,28.6,3,0
18-Oct-2023 00:00:00,28.5,0,0,0,0,0,1,1,0,0,0,28.7,4,0
18-Oct-2023 00:15:00,28.5,0,0,0,15,0,1,1,0,0,0,28.6,4,0
18-Oct-2023 00:30:00,28.5,0,0,0,30,0,1,1,0,0,0,28.5,4,0
18-Oct-2023 00:45:00,28.4,0,0,0,45,0,1,1,0,0,0,28.5,4,0
18-Oct-2023 01:00:00,28.5,0,0,1,0,0.258819045102521,0.965925826289068,1,0,0,0,28.5,4,0
18-Oct-2023 01:15:00,28.5,0,0,1,15,0.258819045102521,0.965925826289068,1,0,0,0,28.4,4,0
18-Oct-2023 01:30:00,28.5,0,0,1,30,0.258819045102521,0.965925826289068,1,0,0,0,28.5,4,0
18-Oct-2023 01:45:00,28.4,0,0,1,45,0.258819045102521,0.965925826289068,1,0,0,0,28.5,4,0
18-Oct-2023 02:00:00,28.3,0,0,2,0,0.5,0.866025403784439,1,0,0,0,28.5,4,0
18-Oct-2023 02:15:00,28.2,0,0,2,15,0.5,0.866025403784439,1,0,0,0,28.4,4,0
18-Oct-2023 02:30:00,28.2,0,0,2,30,0.5,0.866025403784439,1,0,0,0,28.3,4,0
18-Oct-2023 02:45:00,28.1,0,0,2,45,0.5,0.866025403784439,1,0,0,0,28.2,4,0
18-Oct-2023 03:00:00,28,0,0,3,0,0.707106781186547,0.707106781186548,1,0,0,0,28.2,4,0
18-Oct-2023 03:15:00,27.9,0,0,3,15,0.707106781186547,0.707106781186548,1,0,0,0,28.1,4,0
18-Oct-2023 03:30:00,27.9,0,0,3,30,0.707106781186547,0.707106781186548,1,0,0,0,28,4,0
18-Oct-2023 03:45:00,27.8,0,0,3,45,0.707106781186547,0.707106781186548,1,0,0,0,27.9,4,0
18-Oct-2023 04:00:00,27.6,0,0,4,0,0.866025403784439,0.5,1,0,0,0,27.9,4,0
18-Oct-2023 04:15:00,27.5,0,0,4,15,0.866025403784439,0.5,1,0,0,0,27.8,4,0
18-Oct-2023 04:30:00,27.5,0,0,4,30,0.866025403784439,0.5,1,0,0,0,27.6,4,0
18-Oct-2023 04:45:00,27.5,0,0,4,45,0.866025403784439,0.5,1,0,0,0,27.5,4,0
18-Oct-2023 05:00:00,27.5,0,0,5,0,0.965925826289068,0.258819045102521,1,1,0,0,27.5,4,0
18-Oct-2023 05:15:00,27.6,0,0,5,15,0.965925826289068,0.258819045102521,1,1,0,0,27.5,4,0
18-Oct-2023 05:30:00,27.6,0,0,5,30,0.965925826289068,0.258819045102521,1,1,0,0,27.5,4,0
18-Oct-2023 05:45:00,27.6,0,0,5,45,0.965925826289068,0.258819045102521,1,1,0,0,27.6,4,0
18-Oct-2023 06:00:00,27.5,0,0,6,0,1,6.12323399573677e-17,0,1,0,0,27.6,4,0
18-Oct-2023 06:15:00,27.5,0,0,6,15,1,6.12323399573677e-17,0,1,0,0,27.6,4,0
18-Oct-2023 06:30:00,27.4,0,0,6,30,1,6.12323399573677e-17,0,1,0,0,27.5,4,0
18-Oct-2023 06:45:00,27.4,14.5,0.349707125007936,6,45,1,6.12323399573677e-17,0,1,0.0241160695819555,0,27.5,4,0
18-Oct-2023 07:00:00,27.3,40,0.96455012223888,7,0,0.965925826289068,-0.258819045102521,0,0,0.0241131502272163,14.5,27.4,4,0
18-Oct-2023 07:15:00,27.3,67.1,1.61803283005572,7,15,0.965925826289068,-0.258819045102521,0,0,0.0241133936909394,40,27.4,4,0
18-Oct-2023 07:30:00,27.5,99.9,2.40975863344575,7,30,0.965925826289068,-0.258819045102521,0,0,0.024121466586378,67.1,27.3,4,0
18-Oct-2023 07:45:00,27.6,136.6,3.29556773855523,7,45,0.965925826289068,-0.258819045102521,0,0,0.0241255022917492,99.9,27.3,4,0
18-Oct-2023 08:00:00,28,177.3,4.28029116998076,8,0,0.866025403784439,-0.5,0,0,0.024141381999993,136.6,27.5,4,0
18-Oct-2023 08:15:00,28.4,217.6,5.2566255856171,8,15,0.866025403784439,-0.5,0,0,0.0241571756821756,177.3,27.6,4,0
18-Oct-2023 08:30:00,28.8,260.8,6.30431436234448,8,30,0.866025403784439,-0.5,0,0,0.0241728918307233,217.6,28,4,0
18-Oct-2023 08:45:00,29.1,303.8,7.34731534589477,8,45,0.866025403784439,-0.5,0,0,0.0241846318672248,260.8,28.4,4,0
18-Oct-2023 09:00:00,29.5,347.7,8.41443928145829,9,0,0.707106781186548,-0.707106781186547,0,0,0.0242002159368489,303.8,28.8,4,0
18-Oct-2023 09:15:00,30,388.3,9.404491520061,9,15,0.707106781186548,-0.707106781186547,0,0,0.0242195912965998,347.7,29.1,4,0
18-Oct-2023 09:30:00,30.4,426.7,10.3411037794235,9,30,0.707106781186548,-0.707106781186547,0,0,0.0242350118219163,388.3,29.5,4,0
18-Oct-2023 09:45:00,30.9,460.9,11.1787782281567,9,45,0.707106781186548,-0.707106781186547,0,0,0.0242541852331775,426.7,30,4,0
18-Oct-2023 10:00:00,31.4,496.1,12.0419824425297,10,0,0.5,-0.866025403784439,0,0,0.0242732476703932,460.9,30.4,4,0
18-Oct-2023 10:15:00,31.9,535.2,13.0012094403739,10,15,0.5,-0.866025403784439,0,0,0.0242921994547356,496.1,30.9,4,0
18-Oct-2023 10:30:00,32.3,578.4,14.059356133564,10,30,0.5,-0.866025403784439,0,0,0.0243072818573342,535.2,31.4,4,0
18-Oct-2023 10:45:00,32.8,622.5,15.1429805879857,10,45,0.5,-0.866025403784439,0,0,0.0243260341557455,578.4,31.9,4,0
18-Oct-2023 11:00:00,33.2,664.4,16.1721558536649,11,0,0.258819045102521,-0.965925826289068,0,0,0.0243409565212348,622.5,32.3,4,0
18-Oct-2023 11:15:00,33.5,702.1,17.0976351709617,11,15,0.258819045102521,-0.965925826289068,0,0,0.0243521020066368,664.4,32.8,4,0
18-Oct-2023 11:30:00,34,736.7,17.9538363807844,11,30,0.258819045102521,-0.965925826289068,0,0,0.024370587770051,702.1,33.2,4,0
18-Oct-2023 11:45:00,34.3,768.1,18.7275517464762,11,45,0.258819045102521,-0.965925826289068,0,0,0.0243816265653556,736.7,33.5,4,0
18-Oct-2023 12:00:00,34.6,792.5,19.3311798694502,12,0,1.22464679914735e-16,-1,0,0,0.0243926252073502,768.1,34,4,0
18-Oct-2023 12:15:00,34.9,806.7,19.6863953222137,12,15,1.22464679914735e-16,-1,0,0,0.0244035836353416,792.5,34.3,4,0
18-Oct-2023 12:30:00,35.2,813.8,19.8685461476807,12,30,1.22464679914735e-16,-1,0,0,0.0244145020068551,806.7,34.6,4,0
18-Oct-2023 12:45:00,35.4,812,19.8304923882563,12,45,1.22464679914735e-16,-1,0,0,0.0244217585794306,813.8,34.9,4,0
18-Oct-2023 13:00:00,35.6,801.2,19.5725369323873,13,0,-0.258819045102521,-0.965925826289068,0,0,0.0244289971335373,812,35.2,4,0
18-Oct-2023 13:15:00,35.8,778.4,19.0211761539975,13,15,-0.258819045102521,-0.965925826289068,0,0,0.0244362175202723,801.2,35.4,4,0
18-Oct-2023 13:30:00,35.8,745.8,18.2245544394288,13,30,-0.258819045102521,-0.965925826289068,0,0,0.0244362161480459,778.4,35.6,4,0
18-Oct-2023 13:45:00,35.8,704.4,17.2128937344243,13,45,-0.258819045102521,-0.965925826289068,0,0,0.0244362142223311,745.8,35.8,4,0
18-Oct-2023 14:00:00,35.8,662.2,16.1816840302893,14,0,-0.5,-0.866025403784439,0,0,0.0244362120115935,704.4,35.8,4,0
18-Oct-2023 14:15:00,35.8,622,15.1993468239805,14,15,-0.5,-0.866025403784439,0,0,0.0244362096266413,662.2,35.8,4,0
18-Oct-2023 14:30:00,35.8,583.8,14.2658821154981,14,30,-0.5,-0.866025403784439,0,0,0.0244362070559971,622,35.8,4,0
18-Oct-2023 14:45:00,35.7,544.8,13.3109025327042,14,45,-0.5,-0.866025403784439,0,0,0.0244325956316237,583.8,35.8,4,0
18-Oct-2023 15:00:00,35.5,503.9,12.3079642752138,15,0,-0.707106781186547,-0.707106781186548,0,0,0.0244253618770628,544.8,35.8,4,0
18-Oct-2023 15:15:00,35.3,461.2,11.2616565640992,15,15,-0.707106781186547,-0.707106781186548,0,0,0.0244181095966817,503.9,35.7,4,0
18-Oct-2023 15:30:00,35.1,417.5,10.1915495199064,15,30,-0.707106781186547,-0.707106781186548,0,0,0.0244108385845936,461.2,35.5,4,0
18-Oct-2023 15:45:00,34.8,372.1,9.07922722695009,15,45,-0.707106781186547,-0.707106781186548,0,0,0.02439990009957,417.5,35.3,4,0
18-Oct-2023 16:00:00,34.3,327.8,7.99230759340567,16,0,-0.866025403784438,-0.5,0,0,0.0243815839286813,372.1,35.1,4,0
18-Oct-2023 16:15:00,33.9,284.6,6.93482909156553,16,15,-0.866025403784438,-0.5,0,0,0.0243668472407529,327.8,34.8,4,0
18-Oct-2023 16:30:00,33.5,243.4,5.92731007066242,16,30,-0.866025403784438,-0.5,0,0,0.0243520366418479,284.6,34.3,4,0
18-Oct-2023 16:45:00,33.2,202.4,4.92661701502376,16,45,-0.866025403784438,-0.5,0,0,0.0243408728960023,243.4,33.9,4,0
18-Oct-2023 17:00:00,32.8,160.7,3.90919996865752,17,0,-0.965925826289068,-0.258819045102521,0,1,0.0243259218589649,202.4,33.5,4,0
18-Oct-2023 17:15:00,32.5,116.7,2.83754146418775,17,15,-0.965925826289068,-0.258819045102521,0,1,0.0243146285309273,160.7,33.2,4,0
18-Oct-2023 17:30:00,32.2,73.6,1.78874207138488,17,30,-0.965925826289068,-0.258819045102521,0,1,0.0243032305455752,116.7,32.8,4,0
18-Oct-2023 17:45:00,31.9,38.6,0.937680650968673,17,45,-0.965925826289068,-0.258819045102521,0,1,0.0242916155272836,73.6,32.5,4,0
18-Oct-2023 18:00:00,31.6,12.7,0.308367292283842,18,0,-1,-1.83697019872103e-16,0,1,0.024278977425702,38.6,32.2,4,0
18-Oct-2023 18:15:00,31.4,0,0,18,15,-1,-1.83697019872103e-16,0,1,0,12.7,31.9,4,0
18-Oct-2023 18:30:00,31.2,0,0,18,30,-1,-1.83697019872103e-16,0,1,0,0,31.6,4,0
18-Oct-2023 18:45:00,31,0,0,18,45,-1,-1.83697019872103e-16,0,1,0,0,31.4,4,0
18-Oct-2023 19:00:00,30.9,0,0,19,0,-0.965925826289068,0.25881904510252,1,1,0,0,31.2,4,0
18-Oct-2023 19:15:00,30.8,0,0,19,15,-0.965925826289068,0.25881904510252,1,1,0,0,31,4,0
18-Oct-2023 19:30:00,30.6,0,0,19,30,-0.965925826289068,0.25881904510252,1,1,0,0,30.9,4,0
18-Oct-2023 19:45:00,30.5,0,0,19,45,-0.965925826289068,0.25881904510252,1,1,0,0,30.8,4,0
18-Oct-2023 20:00:00,30.5,0,0,20,0,-0.866025403784439,0.5,1,0,0,0,30.6,4,0
18-Oct-2023 20:15:00,30.4,0,0,20,15,-0.866025403784439,0.5,1,0,0,0,30.5,4,0
18-Oct-2023 20:30:00,30.4,0,0,20,30,-0.866025403784439,0.5,1,0,0,0,30.5,4,0
18-Oct-2023 20:45:00,30.2,0,0,20,45,-0.866025403784439,0.5,1,0,0,0,30.4,4,0
18-Oct-2023 21:00:00,30.1,0,0,21,0,-0.707106781186548,0.707106781186547,1,0,0,0,30.4,4,0
18-Oct-2023 21:15:00,30.1,0,0,21,15,-0.707106781186548,0.707106781186547,1,0,0,0,30.2,4,0
18-Oct-2023 21:30:00,30,0,0,21,30,-0.707106781186548,0.707106781186547,1,0,0,0,30.1,4,0
18-Oct-2023 21:45:00,29.9,0,0,21,45,-0.707106781186548,0.707106781186547,1,0,0,0,30.1,4,0
18-Oct-2023 22:00:00,29.8,0,0,22,0,-0.5,0.866025403784438,1,0,0,0,30,4,0
18-Oct-2023 22:15:00,29.6,0,0,22,15,-0.5,0.866025403784438,1,0,0,0,29.9,4,0
18-Oct-2023 22:30:00,29.5,0,0,22,30,-0.5,0.866025403784438,1,0,0,0,29.8,4,0
18-Oct-2023 22:45:00,29.2,0,0,22,45,-0.5,0.866025403784438,1,0,0,0,29.6,4,0
18-Oct-2023 23:00:00,29,0,0,23,0,-0.258819045102522,0.965925826289068,1,0,0,0,29.5,4,0
18-Oct-2023 23:15:00,28.9,0,0,23,15,-0.258819045102522,0.965925826289068,1,0,0,0,29.2,4,0
18-Oct-2023 23:30:00,28.7,0,0,23,30,-0.258819045102522,0.965925826289068,1,0,0,0,29,4,0
18-Oct-2023 23:45:00,28.5,0,0,23,45,-0.258819045102522,0.965925826289068,1,0,0,0,28.9,4,0
